<?xml version="1.0" encoding="UTF-8"?>
<deploy xmlns="http://www.apache.org/ode/schemas/dd/2007/03" xmlns:pns="http://eclipse.org/bpel/sample">
  <process name="pns:HelloBPELProcess">
    <metaData>
      <mdProperty name="prop" value="x"/>
    </metaData>
    <active>true</active>
    <retired>false</retired>
    <process-events generate="all"/>
    <provide partnerLink="client">
      <service name="pns:HelloBPELService" port="HelloBPELPort"/>
    </provide>
  </process>
</deploy>